player,source,clip_rank,recommended_use,category,replay_url,hero_cards,board,opponent,result,style_score,drama_score,commentary_score,highlight,why_style,commentary_hook,action_line
TheAAI / AlphaHorizon,Tournament S5,1,Primary,Trap / check-raise,https://arena.dev.fun/poker-tournament/table/cmr9rmhsi50wk5mev73fcxxlf,7c 8c,4s 5d As 6d Qh,Finndefi90,545,100,94,100,7c 8c versus Finndefi90 on 4s 5d As 6d Qh: wins +545; a check-raise changes the direction of the hand.,"Delayed aggression is the story: the bot gives the opponent room, then takes control with a raise.",Built-in rivalry: AlphaHorizon versus finalist Thaddius. Pause before the decisive action and let commentary pick a side.,"P V:fold, V:fold, H:raise 20, V:call 20, V:fold, V:call 10 | F V:check, H:bet 50, V:call 50, V:fold | T H:check, V:bet 124, H:raise 450, V:call 326 | R H:bet 5848, V:fold"
TheAAI / AlphaHorizon,Tournament S5,2,Primary,Pressure win,https://arena.dev.fun/poker-tournament/table/cmr7burfsgpkd5mevktdcpu3b,Kd Jd,8d Qc Qd Td 7h,calmyxbt #7,125,90,79,75,Kd Jd versus calmyxbt #7 on 8d Qc Qd Td 7h: wins +125; sustained pressure wins without showdown.,This is initiative without needing showdown—the clearest way to see how its pressure changes opponent behavior.,Hold on the final bet before revealing the response; the audience can judge whether the sizing is value or pressure.,"P V:fold, V:fold, V:fold, H:raise 25, V:fold, V:call 15 | F V:bet 18, H:raise 50, V:call 32 | T V:check, H:bet 45, V:call 45 | R V:check, H:bet 15965, V:fold"
TheAAI / AlphaHorizon,Tournament S5,3,Primary,Downside review,https://arena.dev.fun/poker-tournament/table/cmrcf1uhdzrty6xlygyw0dqah,Ts Jc,9c Js Kh Jh Th,Stariy physe,-12163,77,98,92,"Ts Jc versus Stariy physe on 9c Js Kh Jh Th: loses 12,163; the multi-street line exposes the bot's commitment threshold.",This is the useful counterexample: it shows where the same style can become overcommitment or an expensive refusal to stop.,Built-in rivalry: AlphaHorizon versus finalist Stariy physe. Pause before the decisive action and let commentary pick a side.,"P V:fold, H:raise 20, V:raise 85, V:fold, H:call 65 | F V:check, H:bet 50, V:raise 414, H:call 364 | T V:bet 635, H:call 635 | R V:bet 2506, H:raise 13046, V:call 10540"
TheAAI / AlphaHorizon,Tournament S5,4,Secondary,Trap / check-raise,https://arena.dev.fun/poker-tournament/table/cmr6slni2j3in5mev492krvxr,Jh Jc,Js Ah 7d 8s Jd,StartupBros,6200,100,90,96,"Jh Jc versus StartupBros on Js Ah 7d 8s Jd: wins +6,200; a check-raise changes the direction of the hand.","Delayed aggression is the story: the bot gives the opponent room, then takes control with a raise.","Reveal the initial check first, then pause before the raise so the trap is understandable on screen.","P H:raise 25, V:fold, V:fold, V:call 25, V:fold, V:call 15 | F V:check, H:check, V:bet 23, V:fold, H:raise 75, V:call 52 | T H:check, V:bet 152, H:raise 550, V:call 398 | R H:check, V:bet 1018, H:raise 5520, V:call 4502"
TheAAI / AlphaHorizon,Tournament S5,5,Secondary,Trap / check-raise,https://arena.dev.fun/poker-tournament/table/cmr7wfmk7vy0b5mevyozyhhis,Jh 9d,7d Tc 8s 4h 7c,zierra,1361,92,100,90,"Jh 9d versus zierra on 7d Tc 8s 4h 7c: wins +1,361; a check-raise changes the direction of the hand.","Delayed aggression is the story: the bot gives the opponent room, then takes control with a raise.",Built-in rivalry: AlphaHorizon versus finalist Stariy physe. Pause before the decisive action and let commentary pick a side.,"P V:fold, V:fold, V:raise 25, V:fold, V:fold, H:call 15 | F H:check, V:bet 24, H:raise 100, V:call 76 | T H:check, V:check | R H:check, V:bet 280, H:raise 15671, V:call 15391"
TheAAI / AlphaHorizon,Tournament S5,6,Secondary,Pressure win,https://arena.dev.fun/poker-tournament/table/cmr7js9ep3t0g5mev275peata,Ad Td,Ts Kh 9c 8d 8c,SixSeven,565,90,75,75,Ad Td versus SixSeven on Ts Kh 9c 8d 8c: wins +565; sustained pressure wins without showdown.,This is initiative without needing showdown—the clearest way to see how its pressure changes opponent behavior.,Hold on the final bet before revealing the response; the audience can judge whether the sizing is value or pressure.,"P V:fold, V:raise 25, V:fold, V:call 25, H:raise 150, V:fold, V:fold, V:call 125 | F H:bet 80, V:call 80 | T H:bet 300, V:call 300 | R H:bet 10874, V:fold"
TheAAI / AlphaHorizon,Tournament S5,7,Backup,Multi-street attack,https://arena.dev.fun/poker-tournament/table/cmr6ivrvin6ty5mev4wn7h3th,Kh Kd,Tc 6d Ks 8d Ah,Phantom Stack,2285,90,71,75,"Kh Kd versus Phantom Stack on Tc 6d Ks 8d Ah: wins +2,285; the multi-street line exposes the bot's commitment threshold.","Aggression continues across streets, making the bot's commitment and sizing pattern easy to narrate.",Hold on the final bet before revealing the response; the audience can judge whether the sizing is value or pressure.,"P V:call 10, V:fold, V:fold, H:raise 40, V:fold, V:fold, V:call 30 | F V:check, H:bet 100, V:call 100 | T V:bet 178, H:raise 650, V:call 472 | R V:bet 446, H:raise 7434, V:call 6988"
TheAAI / AlphaHorizon,Tournament S5,8,Backup,Downside review,https://arena.dev.fun/poker-tournament/table/cmr9ega8s69l85mevv4ekfesc,Js Kd,Ts 9c Ah Td,Sam,-101,35,92,56,Js Kd versus Sam on Ts 9c Ah Td: loses 101; the multi-street line exposes the bot's commitment threshold.,This is the useful counterexample: it shows where the same style can become overcommitment or an expensive refusal to stop.,Built-in rivalry: AlphaHorizon versus finalist Thaddius. Pause before the decisive action and let commentary pick a side.,"P H:raise 20, V:call 20, V:fold, V:fold, V:fold, V:call 10 | F V:bet 21, H:call 21, V:call 21 | T V:check, H:bet 60, V:raise 76514, V:fold, H:fold"
TheAAI / AlphaHorizon,Tournament S5,9,Backup,River decision,https://arena.dev.fun/poker-tournament/table/cmr6oygjxtfj95mevbzgfg58c,As Ad,9c 9s 7s 7d 4h,Kav,141,48,88,33,As Ad versus Kav on 9c 9s 7s 7d 4h: wins +141; sustained pressure wins without showdown.,"The river creates a single, legible decision point that viewers can debate before the action is revealed.",Built-in rivalry: AlphaHorizon versus finalist Thaddius. Pause before the decisive action and let commentary pick a side.,"P V:raise 30, V:fold, V:raise 96, H:call 96, V:fold, V:fold, V:fold | F V:check, H:check | T V:check, H:check | R V:check, H:bet 8037, V:fold"
TheAAI / AlphaHorizon,Tournament S5,10,Backup,Value escalation,https://arena.dev.fun/poker-tournament/table/cmrc8kqm0lcku1a2a1k9bz2ke,7d Ad,Td Qd 3d Ah 4h,Crimson Range,3208,23,38,75,"7d Ad versus Crimson Range on Td Qd 3d Ah 4h: wins +3,208; the runout produces flush.","The pot grows in stages rather than all at once, showing how the bot converts made-hand strength into chips.",Built-in rivalry: AlphaHorizon versus finalist Antge Poker Bot. Pause before the decisive action and let commentary pick a side.,"P V:raise 30, V:fold, H:call 30, V:fold, V:call 20 | F V:check, V:bet 52, H:call 52, V:call 52 | T V:bet 188, V:fold, H:raise 550, V:raise 3039, H:call 2489"
Thaddius / Field,Heads-Up Ladder,1,Primary,Pressure win,https://arena.dev.fun/headsup-ladder/table/cmr6dbuujkglj5mev4elp53di,Qh 8d,8s Qs 9d 9h Td,Antge Poker Bot,453,100,100,94,Qh 8d versus Antge Poker Bot on 8s Qs 9d 9h Td: wins +453; sustained pressure wins without showdown.,This is initiative without needing showdown—the clearest way to see how its pressure changes opponent behavior.,Built-in rivalry: Thaddius versus finalist Antge Poker Bot. Pause before the decisive action and let commentary pick a side.,"P H:raise 30, V:call 20 | F V:check, H:bet 45, V:call 45 | T V:bet 42, H:raise 216, V:call 174 | R V:bet 162, H:raise 709, V:fold"
Thaddius / Field,Heads-Up Ladder,2,Primary,Trap / check-raise,https://arena.dev.fun/headsup-ladder/table/cmrdivke1ayas6xlyp5v0y5gm,3d Kd,Jh 9c Ts Ad,Blacksite,458,86,65,80,3d Kd versus Blacksite on Jh 9c Ts Ad: wins +458; a check-raise changes the direction of the hand.,"Delayed aggression is the story: the bot gives the opponent room, then takes control with a raise.","Reveal the initial check first, then pause before the raise so the trap is understandable on screen.","P V:call 5, H:check | F H:check, V:bet 12, H:raise 47, V:raise 166, H:raise 448, V:call 282 | T H:bet 542, V:fold"
Thaddius / Field,Heads-Up Ladder,3,Primary,Downside review,https://arena.dev.fun/headsup-ladder/table/cmrltkd8ek7unst8nxdrqg82u,Kc Qd,Kh Qs Tc 2s Th,zierra,-1000,88,94,100,"Kc Qd versus zierra on Kh Qs Tc 2s Th: loses 1,000; the river call creates a clean value-versus-pressure decision.",This is the useful counterexample: it shows where the same style can become overcommitment or an expensive refusal to stop.,Ask where the line should have stopped; the loss gives commentators something concrete to criticize rather than only celebrate.,"P V:call 5, H:raise 40, V:call 30 | F H:bet 66, V:call 66 | T H:bet 166, V:call 166 | R H:bet 379, V:raise 728, H:call 349"
Thaddius / Field,Heads-Up Ladder,4,Secondary,River decision,https://arena.dev.fun/headsup-ladder/table/cmrhtjyvhh2wust8ncpuploed,Th Ac,Ts 8c 3d Td 3c,Night Owl,1000,86,94,100,"Th Ac versus Night Owl on Ts 8c 3d Td 3c: wins +1,000; the river call creates a clean value-versus-pressure decision.","The river creates a single, legible decision point that viewers can debate before the action is revealed.",Pause before the river call and ask whether the opponent is value-heavy or bluff-heavy.,"P V:raise 25, H:call 15 | F H:bet 30, V:call 30 | T H:bet 74, V:call 74 | R H:bet 177, V:raise 871, H:call 694"
Thaddius / Field,Heads-Up Ladder,5,Secondary,Wide-range win,https://arena.dev.fun/headsup-ladder/table/cmr3r5c8702db9ta4f27fgbqq,8c Ts,Qs Td Qc Tc 9c,Junglist Soldier,392,86,96,94,8c Ts versus Junglist Soldier on Qs Td Qc Tc 9c: wins +392; the wide starting hand makes the line especially revealing.,The starting cards make the range width visible and show how the bot creates value from hands others may discard.,Built-in rivalry: Thaddius versus finalist Junglist Soldier. Pause before the decisive action and let commentary pick a side.,"P V:raise 25, H:call 15 | F H:bet 38, V:call 38 | T H:bet 96, V:call 96 | R H:bet 233, V:call 233"
Thaddius / Field,Heads-Up Ladder,6,Secondary,River decision,https://arena.dev.fun/headsup-ladder/table/cmrkm4gcqmazcst8nbjzdzonf,Kc Qs,Ks 9d Ad 5c Kd,Vareta,1000,86,94,96,"Kc Qs versus Vareta on Ks 9d Ad 5c Kd: wins +1,000; the river call creates a clean value-versus-pressure decision.","The river creates a single, legible decision point that viewers can debate before the action is revealed.",Pause before the river call and ask whether the opponent is value-heavy or bluff-heavy.,"P V:call 5, H:raise 40, V:call 30 | F H:check, V:bet 48, H:call 48 | T H:bet 123, V:call 123 | R H:bet 316, V:raise 789, H:call 473"
Thaddius / Field,Heads-Up Ladder,7,Backup,Wide-range win,https://arena.dev.fun/headsup-ladder/table/cmr5nldevperi5mev5qvfdymu,7c Th,9s 2d Ts Tc 3s,Grinder,493,86,98,86,7c Th versus Grinder on 9s 2d Ts Tc 3s: wins +493; the wide starting hand makes the line especially revealing.,The starting cards make the range width visible and show how the bot creates value from hands others may discard.,Built-in rivalry: Thaddius versus finalist Grinder. Pause before the decisive action and let commentary pick a side.,"P V:raise 35, H:call 25 | F H:bet 50, V:call 50 | T H:bet 120, V:call 120 | R H:bet 288, V:call 288"
Thaddius / Field,Heads-Up Ladder,8,Backup,Bluff-catch,https://arena.dev.fun/headsup-ladder/table/cmrkw7wt5bvyxst8n6c684zow,8s Js,8c 4d Jd Ad Qs,QuantArmy-7,1000,86,94,86,"8s Js versus QuantArmy-7 on 8c 4d Jd Ad Qs: wins +1,000; the river call creates a clean bluff-catching decision.",The hand exposes its calling threshold and willingness to let the opponent keep representing strength.,Pause before the river call and ask whether the opponent is value-heavy or bluff-heavy.,"P H:raise 30, V:call 20 | F V:bet 30, H:raise 114, V:call 84 | T V:bet 207, H:raise 740, V:call 533 | R V:bet 116, H:call 116"
Thaddius / Field,Heads-Up Ladder,9,Backup,Downside review,https://arena.dev.fun/headsup-ladder/table/cmri70zvrpmz9st8n9u97psbi,Kh Jd,Kd 8h 9s Jh Qs,eksekutor,-1000,53,94,94,"Kh Jd versus eksekutor on Kd 8h 9s Jh Qs: loses 1,000; the river call creates a clean value-versus-pressure decision.",This is the useful counterexample: it shows where the same style can become overcommitment or an expensive refusal to stop.,Ask where the line should have stopped; the loss gives commentators something concrete to criticize rather than only celebrate.,"P H:raise 30, V:call 20 | F V:bet 33, H:call 33 | T V:check, H:bet 96, V:call 96 | R V:bet 238, H:raise 829, V:raise 841, H:call 12"
Thaddius / Field,Heads-Up Ladder,10,Backup,Value escalation,https://arena.dev.fun/headsup-ladder/table/cmrl0wf36k53tst8nb7aktk3x,Kh Ad,9h Jd Qh Th Jc,Vareta,1000,49,53,78,"Kh Ad versus Vareta on 9h Jd Qh Th Jc: wins +1,000; the runout produces straight.","The pot grows in stages rather than all at once, showing how the bot converts made-hand strength into chips.","Use the street-by-street line to ask whether the next action should be aggression, control, or release.","P V:call 5, H:raise 40, V:call 30 | F H:check, V:check | T H:bet 65, V:raise 307, H:raise 874, V:raise 960, H:call 86"
Junglist Soldier,Heads-Up Ladder,1,Primary,Bluff-catch,https://arena.dev.fun/headsup-ladder/table/cmriulq503tesst8ngfyjbnyz,3c 8h,Ah 7s 4h 2h 2d,KumaZero,684,96,57,63,3c 8h versus KumaZero on Ah 7s 4h 2h 2d: wins +684; the river call creates a clean bluff-catching decision.,The hand exposes its calling threshold and willingness to let the opponent keep representing strength.,Pause before the river call and ask whether the opponent is value-heavy or bluff-heavy.,"P H:raise 38, V:call 28 | F V:bet 38, H:call 38 | T V:bet 152, H:call 152 | R V:bet 456, H:call 456"
Junglist Soldier,Heads-Up Ladder,2,Primary,Pressure win,https://arena.dev.fun/headsup-ladder/table/cmr3swgcsfttl9ta4hlmb9dfq,Ad 8d,Td Kd Jh 8h 9c,Thaddius,614,78,96,94,Ad 8d versus Thaddius on Td Kd Jh 8h 9c: wins +614; sustained pressure wins without showdown.,This is initiative without needing showdown—the clearest way to see how its pressure changes opponent behavior.,Built-in rivalry: Junglist Soldier versus finalist Thaddius. Pause before the decisive action and let commentary pick a side.,"P H:raise 25, V:raise 100, H:call 75 | F V:bet 163, H:call 163 | T V:bet 351, H:call 351 | R V:check, H:bet 386, V:fold"
Junglist Soldier,Heads-Up Ladder,3,Primary,Downside review,https://arena.dev.fun/headsup-ladder/table/cmrlaj0i76f7xst8ng9ng6b0n,9s Ts,7h Jd Qc Th Kd,Night Owl,-1000,96,94,63,"9s Ts versus Night Owl on 7h Jd Qc Th Kd: loses 1,000; the river call creates a clean value-versus-pressure decision.",This is the useful counterexample: it shows where the same style can become overcommitment or an expensive refusal to stop.,Ask where the line should have stopped; the loss gives commentators something concrete to criticize rather than only celebrate.,"P H:call 5, V:check | F V:check, H:bet 13, V:call 13 | T V:bet 46, H:call 46 | R V:bet 931, H:call 931"
Junglist Soldier,Heads-Up Ladder,4,Secondary,River decision,https://arena.dev.fun/headsup-ladder/table/cmrk4vf6ih0zlst8naf1rcmjs,7s Ac,2c 2s 2h Ah 9d,John Juanda,1000,98,94,94,"7s Ac versus John Juanda on 2c 2s 2h Ah 9d: wins +1,000; the river call creates a clean value-versus-pressure decision.","The river creates a single, legible decision point that viewers can debate before the action is revealed.",Pause before the river call and ask whether the opponent is value-heavy or bluff-heavy.,"P H:call 5, V:raise 40, H:call 30 | F V:bet 40, H:raise 360, V:call 320 | T V:bet 480, H:call 480 | R V:bet 120, H:call 120"
Junglist Soldier,Heads-Up Ladder,5,Secondary,River decision,https://arena.dev.fun/headsup-ladder/table/cmrk61k0it24xst8nnr4pvsvb,9s 8c,7s Tc Ks 6h Td,John Juanda,1000,82,94,94,"9s 8c versus John Juanda on 7s Tc Ks 6h Td: wins +1,000; the river call creates a clean value-versus-pressure decision.","The river creates a single, legible decision point that viewers can debate before the action is revealed.",Pause before the river call and ask whether the opponent is value-heavy or bluff-heavy.,"P H:raise 38, V:call 28 | F V:bet 38, H:call 38 | T V:bet 152, H:raise 370, V:call 218 | R V:bet 554, H:call 554"
Junglist Soldier,Heads-Up Ladder,6,Secondary,Trap / check-raise,https://arena.dev.fun/headsup-ladder/table/cmrl0c9etf15sst8nulg1t4by,Ac 9h,9d 4d 5h Ah 6c,Skyler,1000,78,100,88,"Ac 9h versus Skyler on 9d 4d 5h Ah 6c: wins +1,000; a check-raise changes the direction of the hand.","Delayed aggression is the story: the bot gives the opponent room, then takes control with a raise.","Reveal the initial check first, then pause before the raise so the trap is understandable on screen.","P V:raise 30, H:call 20 | F H:check, V:bet 30, H:call 30 | T H:check, V:bet 120, H:raise 720, V:call 600 | R H:bet 220, V:call 220"
Junglist Soldier,Heads-Up Ladder,7,Backup,River decision,https://arena.dev.fun/headsup-ladder/table/cmrkceqfip87dst8nt7zydcct,Ts Qs,6c 9c 7h 8d 5s,Skyler,1000,92,94,63,"Ts Qs versus Skyler on 6c 9c 7h 8d 5s: wins +1,000; the runout produces straight.","The river creates a single, legible decision point that viewers can debate before the action is revealed.",Hold on the final bet before revealing the response; the audience can judge whether the sizing is value or pressure.,"P H:call 5, V:raise 40, H:call 30 | F V:bet 40, H:call 40 | T V:bet 128, H:call 128 | R V:bet 416, H:raise 792, V:call 376"
Junglist Soldier,Heads-Up Ladder,8,Backup,Pressure win,https://arena.dev.fun/headsup-ladder/table/cmr97avg30rz35mevrtxtq9w1,8s Th,6c 9c 3d 8d Ts,Stariy physe,750,57,98,100,8s Th versus Stariy physe on 6c 9c 3d 8d Ts: wins +750; sustained pressure wins without showdown.,This is initiative without needing showdown—the clearest way to see how its pressure changes opponent behavior.,Built-in rivalry: Junglist Soldier versus finalist Stariy physe. Pause before the decisive action and let commentary pick a side.,"P H:call 5, V:raise 40, H:call 30 | F V:bet 53, H:raise 133, V:call 80 | T V:bet 231, H:raise 577, V:call 346 | R V:check, H:bet 250, V:fold"
Junglist Soldier,Heads-Up Ladder,9,Backup,Downside review,https://arena.dev.fun/headsup-ladder/table/cmrii3v164tz5st8n7tv76tg0,3h Ac,9d Ah Td Jh Ad,Neo Alpha,-1000,92,94,35,"3h Ac versus Neo Alpha on 9d Ah Td Jh Ad: loses 1,000; the multi-street line exposes the bot's commitment threshold.",This is the useful counterexample: it shows where the same style can become overcommitment or an expensive refusal to stop.,Ask where the line should have stopped; the loss gives commentators something concrete to criticize rather than only celebrate.,"P H:call 5, V:raise 40, H:call 30 | F V:bet 40, H:call 40 | T V:bet 160, H:call 160 | R V:bet 480, H:raise 760, V:call 280"
Junglist Soldier,Heads-Up Ladder,10,Backup,Value escalation,https://arena.dev.fun/headsup-ladder/table/cmrj3cbi0vr5qst8niubc89is,Qh Kd,Jd Tc Qc 8d Qs,RAB,1000,57,37,35,"Qh Kd versus RAB on Jd Tc Qc 8d Qs: wins +1,000; the multi-street line exposes the bot's commitment threshold.","The pot grows in stages rather than all at once, showing how the bot converts made-hand strength into chips.","Use the street-by-street line to ask whether the next action should be aggression, control, or release.","P H:call 5, V:check | F V:bet 13, H:raise 83, V:raise 182, H:raise 713, V:raise 990, H:call 277"
Stariy physe,Heads-Up Ladder,1,Primary,Pressure win,https://arena.dev.fun/headsup-ladder/table/cmrkpn6iyl6jpst8nld9zvlx4,7s 6c,8c Ts Tc 7d 2h,High Roller,905,100,71,83,7s 6c versus High Roller on 8c Ts Tc 7d 2h: wins +905; sustained pressure wins without showdown.,This is initiative without needing showdown—the clearest way to see how its pressure changes opponent behavior.,Hold on the final bet before revealing the response; the audience can judge whether the sizing is value or pressure.,"P H:raise 30, V:raise 90, H:call 60 | F V:check, H:bet 90, V:call 90 | T V:bet 198, H:raise 725, V:call 527 | R V:check, H:bet 95, V:fold"
Stariy physe,Heads-Up Ladder,2,Primary,Multi-street attack,https://arena.dev.fun/headsup-ladder/table/cmrlcmqurqphpst8nnudk7in1,8h Jh,4h 8s Jd 3h 2d,Reaper,1000,85,100,83,"8h Jh versus Reaper on 4h 8s Jd 3h 2d: wins +1,000; the multi-street line exposes the bot's commitment threshold.","Aggression continues across streets, making the bot's commitment and sizing pattern easy to narrate.",Hold on the final bet before revealing the response; the audience can judge whether the sizing is value or pressure.,"P V:call 5, H:raise 30, V:call 20 | F H:bet 30, V:call 30 | T H:bet 120, V:raise 540, H:call 420 | R H:bet 400, V:call 400"
Stariy physe,Heads-Up Ladder,3,Primary,Downside review,https://arena.dev.fun/headsup-ladder/table/cmrld9s80wmtxst8nwyg2v7ex,Ah Qs,3h 7h Qh Td 7d,Reaper,-1000,85,100,98,"Ah Qs versus Reaper on 3h 7h Qh Td 7d: loses 1,000; the river call creates a clean value-versus-pressure decision.",This is the useful counterexample: it shows where the same style can become overcommitment or an expensive refusal to stop.,Ask where the line should have stopped; the loss gives commentators something concrete to criticize rather than only celebrate.,"P V:call 5, H:raise 30, V:call 20 | F H:bet 30, V:call 30 | T H:bet 120, V:call 120 | R H:bet 360, V:raise 820, H:call 460"
Stariy physe,Heads-Up Ladder,4,Secondary,River decision,https://arena.dev.fun/headsup-ladder/table/cmrkk0prm0583st8n03bjj11c,Ah Jc,Qd Kd 5c 2c Th,dre4mboat,1000,85,100,100,"Ah Jc versus dre4mboat on Qd Kd 5c 2c Th: wins +1,000; the river call creates a clean value-versus-pressure decision.","The river creates a single, legible decision point that viewers can debate before the action is revealed.",Pause before the river call and ask whether the opponent is value-heavy or bluff-heavy.,"P V:call 5, H:raise 30, V:call 20 | F H:bet 30, V:call 30 | T H:bet 96, V:call 96 | R H:bet 312, V:raise 844, H:call 532"
Stariy physe,Heads-Up Ladder,5,Secondary,Pressure win,https://arena.dev.fun/headsup-ladder/table/cmrkqkjhhtwkmst8n2gdxms79,8d 4s,3d 7d 8s 6c 3h,High Roller,600,100,62,83,8d 4s versus High Roller on 3d 7d 8s 6c 3h: wins +600; sustained pressure wins without showdown.,This is initiative without needing showdown—the clearest way to see how its pressure changes opponent behavior.,Hold on the final bet before revealing the response; the audience can judge whether the sizing is value or pressure.,"P V:call 5, H:raise 30, V:call 20 | F H:bet 30, V:call 30 | T H:bet 120, V:raise 540, H:call 420 | R H:bet 400, V:fold"
Stariy physe,Heads-Up Ladder,6,Secondary,River decision,https://arena.dev.fun/headsup-ladder/table/cmrkix7b4ooh8st8n1zovu1hj,7s 6c,9c 9d Th 3c 8h,dre4mboat,1000,60,100,98,"7s 6c versus dre4mboat on 9c 9d Th 3c 8h: wins +1,000; the river call creates a clean value-versus-pressure decision.","The river creates a single, legible decision point that viewers can debate before the action is revealed.",Pause before the river call and ask whether the opponent is value-heavy or bluff-heavy.,"P H:raise 30, V:call 20 | F V:check, H:bet 30, V:call 30 | T V:bet 60, H:call 60 | R V:bet 192, H:raise 691, V:raise 880, H:call 189"
Stariy physe,Heads-Up Ladder,7,Backup,Pressure win,https://arena.dev.fun/headsup-ladder/table/cmri4rwxx0un5st8nj57mv15j,8d As,Ad Qh 6s Jh Jd,CryptoBro Poker Agent,636,85,67,92,8d As versus CryptoBro Poker Agent on Ad Qh 6s Jh Jd: wins +636; sustained pressure wins without showdown.,This is initiative without needing showdown—the clearest way to see how its pressure changes opponent behavior.,Hold on the final bet before revealing the response; the audience can judge whether the sizing is value or pressure.,"P V:raise 25, H:call 15 | F H:bet 25, V:raise 50, H:raise 187, V:call 137 | T H:bet 212, V:raise 424, H:call 212 | R H:bet 364, V:fold"
Stariy physe,Heads-Up Ladder,8,Backup,Downside review,https://arena.dev.fun/headsup-ladder/table/cmrkopz2cd9j7st8nhq6et5dd,6h 7d,As 9s 6s 9h 4d,High Roller,-1000,60,100,92,"6h 7d versus High Roller on As 9s 6s 9h 4d: loses 1,000; the river call creates a clean value-versus-pressure decision.",This is the useful counterexample: it shows where the same style can become overcommitment or an expensive refusal to stop.,Ask where the line should have stopped; the loss gives commentators something concrete to criticize rather than only celebrate.,"P H:raise 30, V:call 20 | F V:check, H:bet 30, V:call 30 | T V:bet 84, H:raise 265, V:raise 921, H:call 656 | R V:bet 19, H:call 19"
Stariy physe,Heads-Up Ladder,9,Backup,River decision,https://arena.dev.fun/headsup-ladder/table/cmrlui5wdudryst8nevy8570y,2d 2h,2c 5d Qd Th 7d,Neo Alpha,1000,60,100,92,"2d 2h versus Neo Alpha on 2c 5d Qd Th 7d: wins +1,000; the river call creates a clean value-versus-pressure decision.","The river creates a single, legible decision point that viewers can debate before the action is revealed.",Pause before the river call and ask whether the opponent is value-heavy or bluff-heavy.,"P V:raise 30, H:call 20 | F H:bet 30, V:call 30 | T H:bet 120, V:call 120 | R H:bet 360, V:raise 820, H:call 460"
Stariy physe,Heads-Up Ladder,10,Backup,Value escalation,https://arena.dev.fun/headsup-ladder/table/cmrlu8kfkrhudst8nzbvcdi5l,Jd 2c,Jc Jh 3c 3s 5h,Neo Alpha,1000,31,38,40,"Jd 2c versus Neo Alpha on Jc Jh 3c 3s 5h: wins +1,000; the runout produces full house.","The pot grows in stages rather than all at once, showing how the bot converts made-hand strength into chips.","Use the street-by-street line to ask whether the next action should be aggression, control, or release.","P H:raise 30, V:raise 93, H:call 63 | F V:bet 93, H:raise 362, V:raise 907, H:call 545"
dein Joni,Heads-Up Ladder,1,Primary,Wide-range win,https://arena.dev.fun/headsup-ladder/table/cmrholjsqxvhxst8na71136hp,7s 3s,Jc 7h 5s Ks 8s,Grinder,1000,65,100,67,"7s 3s versus Grinder on Jc 7h 5s Ks 8s: wins +1,000; the wide starting hand makes the line especially revealing.",The starting cards make the range width visible and show how the bot creates value from hands others may discard.,Built-in rivalry: dein Joni versus finalist Grinder. Pause before the decisive action and let commentary pick a side.,"P H:raise 30, V:call 20 | F V:bet 30, H:call 30 | T V:bet 96, H:call 96 | R V:bet 312, H:raise 844, V:call 532"
dein Joni,Heads-Up Ladder,2,Primary,Multi-street attack,https://arena.dev.fun/headsup-ladder/table/cmrja97mh6fc8st8ne1mt6nox,Ac Ad,2s Jd 9d 8c 2h,Antge Poker Bot,1000,96,100,90,"Ac Ad versus Antge Poker Bot on 2s Jd 9d 8c 2h: wins +1,000; the multi-street line exposes the bot's commitment threshold.","Aggression continues across streets, making the bot's commitment and sizing pattern easy to narrate.",Built-in rivalry: dein Joni versus finalist Antge Poker Bot. Pause before the decisive action and let commentary pick a side.,"P V:raise 30, H:raise 90, V:call 60 | F H:bet 90, V:call 90 | T H:bet 180, V:call 180 | R H:bet 640, V:call 640"
dein Joni,Heads-Up Ladder,3,Primary,Downside review,https://arena.dev.fun/headsup-ladder/table/cmrllm0td9sc3st8ne4mx3zp9,5c 3c,5d Td 7h Th 9c,folzterac,-1000,96,100,90,"5c 3c versus folzterac on 5d Td 7h Th 9c: loses 1,000; the wide starting hand makes the line especially revealing.",This is the useful counterexample: it shows where the same style can become overcommitment or an expensive refusal to stop.,Built-in rivalry: dein Joni versus finalist folzterac. Pause before the decisive action and let commentary pick a side.,"P V:raise 30, H:call 20 | F H:bet 23, V:call 23 | T H:bet 101, V:raise 409, H:call 308 | R H:bet 538, V:call 538"
dein Joni,Heads-Up Ladder,4,Secondary,Multi-street attack,https://arena.dev.fun/headsup-ladder/table/cmrhpqr3x9zhhst8nm2z8kl03,Ad As,Ac Qd Jh Kc 9d,Grinder,1000,96,100,90,"Ad As versus Grinder on Ac Qd Jh Kc 9d: wins +1,000; the multi-street line exposes the bot's commitment threshold.","Aggression continues across streets, making the bot's commitment and sizing pattern easy to narrate.",Built-in rivalry: dein Joni versus finalist Grinder. Pause before the decisive action and let commentary pick a side.,"P V:raise 30, H:raise 90, V:call 60 | F H:bet 153, V:call 153 | T H:bet 462, V:call 462 | R H:bet 295, V:call 295"
dein Joni,Heads-Up Ladder,5,Secondary,Pressure win,https://arena.dev.fun/headsup-ladder/table/cmribcyr7zro1st8nbhq6rpcv,Kc Ks,5c Td 3d 2s Kd,folzterac,624,96,76,90,Kc Ks versus folzterac on 5c Td 3d 2s Kd: wins +624; sustained pressure wins without showdown.,This is initiative without needing showdown—the clearest way to see how its pressure changes opponent behavior.,Built-in rivalry: dein Joni versus finalist folzterac. Pause before the decisive action and let commentary pick a side.,"P H:raise 30, V:call 20 | F V:bet 30, H:raise 90, V:call 60 | T V:bet 192, H:raise 504, V:call 312 | R V:check, H:bet 376, V:fold"
dein Joni,Heads-Up Ladder,6,Secondary,River decision,https://arena.dev.fun/headsup-ladder/table/cmriqlwjsuinlst8nmme68l2x,Kh 4h,3h Th 5h 7c Tc,Whale Alert,1000,96,69,98,"Kh 4h versus Whale Alert on 3h Th 5h 7c Tc: wins +1,000; the river call creates a clean value-versus-pressure decision.","The river creates a single, legible decision point that viewers can debate before the action is revealed.",Pause before the river call and ask whether the opponent is value-heavy or bluff-heavy.,"P V:call 5, H:raise 30, V:call 20 | F H:bet 51, V:call 51 | T H:bet 154, V:call 154 | R H:bet 517, V:raise 765, H:call 248"
dein Joni,Heads-Up Ladder,7,Backup,River decision,https://arena.dev.fun/headsup-ladder/table/cmrlco9vzr4lnst8n2gbd61wh,5d 5s,9s 2c Qc 5h 9d,folzterac,1000,65,100,100,"5d 5s versus folzterac on 9s 2c Qc 5h 9d: wins +1,000; the river call creates a clean value-versus-pressure decision.","The river creates a single, legible decision point that viewers can debate before the action is revealed.",Built-in rivalry: dein Joni versus finalist folzterac. Pause before the decisive action and let commentary pick a side.,"P V:raise 30, H:call 20 | F H:bet 23, V:call 23 | T H:bet 101, V:call 101 | R H:bet 339, V:raise 846, H:call 507"
dein Joni,Heads-Up Ladder,8,Backup,Downside review,https://arena.dev.fun/headsup-ladder/table/cmrllztf1dpitst8n90287z4m,4s Ks,3c As 6s Ac 4h,folzterac,-1000,65,100,90,"4s Ks versus folzterac on 3c As 6s Ac 4h: loses 1,000; the multi-street line exposes the bot's commitment threshold.",This is the useful counterexample: it shows where the same style can become overcommitment or an expensive refusal to stop.,Built-in rivalry: dein Joni versus finalist folzterac. Pause before the decisive action and let commentary pick a side.,"P V:raise 30, H:call 20 | F H:bet 23, V:call 23 | T H:bet 53, V:raise 265, H:call 212 | R H:bet 682, V:call 682"
dein Joni,Heads-Up Ladder,9,Backup,Multi-street attack,https://arena.dev.fun/headsup-ladder/table/cmrgnuwxj8g5sst8nil31kg7z,Ad Jd,5d 6d Tc Kd Jh,Antge Poker Bot,1000,65,100,90,"Ad Jd versus Antge Poker Bot on 5d 6d Tc Kd Jh: wins +1,000; the runout produces flush.","Aggression continues across streets, making the bot's commitment and sizing pattern easy to narrate.",Built-in rivalry: dein Joni versus finalist Antge Poker Bot. Pause before the decisive action and let commentary pick a side.,"P H:raise 30, V:call 20 | F V:bet 30, H:call 30 | T V:bet 46, H:raise 247, V:call 201 | R V:bet 600, H:raise 693, V:call 93"
dein Joni,Heads-Up Ladder,10,Backup,Pressure win,https://arena.dev.fun/headsup-ladder/table/cmr43jkjr6v3yib6sxi46tctc,Ac Tc,Js 9c 7h 8s 3c,zero,650,96,57,90,Ac Tc versus zero on Js 9c 7h 8s 3c: wins +650; sustained pressure wins without showdown.,This is initiative without needing showdown—the clearest way to see how its pressure changes opponent behavior.,Hold on the final bet before revealing the response; the audience can judge whether the sizing is value or pressure.,"P V:call 5, H:raise 21, V:call 11 | F H:bet 18, V:call 18 | T H:bet 74, V:raise 185, H:raise 611, V:call 426 | R H:bet 350, V:fold"
Antge Poker Bot,Heads-Up Ladder,1,Primary,River decision,https://arena.dev.fun/headsup-ladder/table/cmrgb8meyngjni1x86e4kt78n,Kd Qd,Ks 4c Kc Ts 3s,dein Joni,1000,92,100,90,"Kd Qd versus dein Joni on Ks 4c Kc Ts 3s: wins +1,000; the river call creates a clean value-versus-pressure decision.","The river creates a single, legible decision point that viewers can debate before the action is revealed.",Built-in rivalry: Antge Poker Bot versus finalist dein Joni. Pause before the decisive action and let commentary pick a side.,"P H:raise 30, V:call 20 | F V:bet 30, H:raise 144, V:call 114 | T V:bet 331, H:call 331 | R V:bet 495, H:call 495"
Antge Poker Bot,Heads-Up Ladder,2,Primary,Wide-range win,https://arena.dev.fun/headsup-ladder/table/cmrhq2xytdhk6st8n9qajm9dp,Ts 9c,4s 8s Ks 2s 5c,folzterac,1000,84,100,94,"Ts 9c versus folzterac on 4s 8s Ks 2s 5c: wins +1,000; the wide starting hand makes the line especially revealing.",The starting cards make the range width visible and show how the bot creates value from hands others may discard.,Built-in rivalry: Antge Poker Bot versus finalist folzterac. Pause before the decisive action and let commentary pick a side.,"P V:raise 30, H:call 20 | F H:bet 23, V:call 23 | T H:bet 101, V:raise 409, H:call 308 | R H:bet 538, V:call 538"
Antge Poker Bot,Heads-Up Ladder,3,Primary,Downside review,https://arena.dev.fun/headsup-ladder/table/cmrhqpoq1kji0st8neuqniojn,8c 6s,9d 8s Qh Qs 7d,folzterac,-1000,98,100,100,"8c 6s versus folzterac on 9d 8s Qh Qs 7d: loses 1,000; the river call creates a clean value-versus-pressure decision.",This is the useful counterexample: it shows where the same style can become overcommitment or an expensive refusal to stop.,Built-in rivalry: Antge Poker Bot versus finalist folzterac. Pause before the decisive action and let commentary pick a side.,"P V:raise 30, H:call 20 | F H:bet 23, V:call 23 | T H:bet 40, V:raise 226, H:call 186 | R H:bet 614, V:raise 721, H:call 107"
Antge Poker Bot,Heads-Up Ladder,4,Secondary,Downside review,https://arena.dev.fun/headsup-ladder/table/cmrgv5qa2ij71st8nxura39ts,Kc Qd,Ad 6s 2s 2c 7c,dein Joni,-1000,98,100,100,"Kc Qd versus dein Joni on Ad 6s 2s 2c 7c: loses 1,000; the river call creates a clean value-versus-pressure decision.",This is the useful counterexample: it shows where the same style can become overcommitment or an expensive refusal to stop.,Built-in rivalry: Antge Poker Bot versus finalist dein Joni. Pause before the decisive action and let commentary pick a side.,"P V:raise 30, H:call 20 | F H:bet 23, V:call 23 | T H:bet 40, V:raise 217, H:call 177 | R H:bet 594, V:raise 730, H:call 136"
Antge Poker Bot,Heads-Up Ladder,5,Secondary,Multi-street attack,https://arena.dev.fun/headsup-ladder/table/cmrkkwcbx94crst8nstoso4bs,5d Jd,Js 2c 3c Jc 3d,Grinder,1000,84,100,94,"5d Jd versus Grinder on Js 2c 3c Jc 3d: wins +1,000; the runout produces full house.","Aggression continues across streets, making the bot's commitment and sizing pattern easy to narrate.",Built-in rivalry: Antge Poker Bot versus finalist Grinder. Pause before the decisive action and let commentary pick a side.,"P V:raise 30, H:call 20 | F H:bet 30, V:call 30 | T H:bet 114, V:raise 462, H:call 348 | R H:bet 478, V:call 478"
Antge Poker Bot,Heads-Up Ladder,6,Secondary,River decision,https://arena.dev.fun/headsup-ladder/table/cmrhaqqi8hftpst8ndplfa6md,9s 2d,Ts 7s As 6s 6c,folzterac,540,98,67,90,9s 2d versus folzterac on Ts 7s As 6s 6c: wins +540; the river call creates a clean value-versus-pressure decision.,"The river creates a single, legible decision point that viewers can debate before the action is revealed.",Built-in rivalry: Antge Poker Bot versus finalist folzterac. Pause before the decisive action and let commentary pick a side.,"P H:raise 30, V:call 20 | F V:bet 30, H:call 30 | T V:bet 120, H:call 120 | R V:bet 360, H:call 360"
Antge Poker Bot,Heads-Up Ladder,7,Backup,Pressure win,https://arena.dev.fun/headsup-ladder/table/cmrgdbbvh9lw2i1x87rglzqg8,Ts 3s,8d Td Kh 8h 3d,dein Joni,307,84,69,90,Ts 3s versus dein Joni on 8d Td Kh 8h 3d: wins +307; sustained pressure wins without showdown.,This is initiative without needing showdown—the clearest way to see how its pressure changes opponent behavior.,Built-in rivalry: Antge Poker Bot versus finalist dein Joni. Pause before the decisive action and let commentary pick a side.,"P V:raise 30, H:call 20 | F H:bet 23, V:raise 76, H:call 53 | T H:bet 201, V:call 201 | R H:bet 600, V:fold"
Antge Poker Bot,Heads-Up Ladder,8,Backup,Pressure win,https://arena.dev.fun/headsup-ladder/table/cmre2gfis3t3yuxm7ec1ytqup,Qc Qs,Td 7c Ad Ts Qd,dein Joni,557,84,80,55,Qc Qs versus dein Joni on Td 7c Ad Ts Qd: wins +557; sustained pressure wins without showdown.,This is initiative without needing showdown—the clearest way to see how its pressure changes opponent behavior.,Built-in rivalry: Antge Poker Bot versus finalist dein Joni. Pause before the decisive action and let commentary pick a side.,"P H:raise 30, V:call 20 | F V:bet 30, H:call 30 | T V:bet 114, H:call 114 | R V:bet 383, H:raise 826, V:fold"
Antge Poker Bot,Heads-Up Ladder,9,Backup,Wide-range win,https://arena.dev.fun/headsup-ladder/table/cmrhrkc9su7jost8nek91fena,7d 4d,5d Qd Ac Td 6s,folzterac,1000,37,100,90,"7d 4d versus folzterac on 5d Qd Ac Td 6s: wins +1,000; the wide starting hand makes the line especially revealing.",The starting cards make the range width visible and show how the bot creates value from hands others may discard.,Built-in rivalry: Antge Poker Bot versus finalist folzterac. Pause before the decisive action and let commentary pick a side.,"P H:raise 30, V:call 20 | F V:bet 30, H:call 30 | T V:bet 72, H:raise 336, V:call 264 | R V:bet 396, H:raise 604, V:call 208"
Antge Poker Bot,Heads-Up Ladder,10,Backup,Value escalation,https://arena.dev.fun/headsup-ladder/table/cmrlb51n6c30sst8neh8ybcfa,Kh Th,8h 6s 9c 7s Kc,Grinder,1000,84,41,71,"Kh Th versus Grinder on 8h 6s 9c 7s Kc: wins +1,000; the runout produces straight.","The pot grows in stages rather than all at once, showing how the bot converts made-hand strength into chips.",Built-in rivalry: Antge Poker Bot versus finalist Grinder. Pause before the decisive action and let commentary pick a side.,"P H:raise 30, V:call 20 | F V:bet 30, H:call 30 | T V:bet 120, H:raise 420, V:raise 940, H:call 520"
Grinder,Heads-Up Ladder,1,Primary,Pressure win,https://arena.dev.fun/headsup-ladder/table/cmrkynrkuyrt7st8nrjv30qf7,9c 8s,8d 6h 4h 6c 3h,Antge Poker Bot,279,96,86,82,9c 8s versus Antge Poker Bot on 8d 6h 4h 6c 3h: wins +279; sustained pressure wins without showdown.,This is initiative without needing showdown—the clearest way to see how its pressure changes opponent behavior.,Built-in rivalry: Grinder versus finalist Antge Poker Bot. Pause before the decisive action and let commentary pick a side.,"P H:raise 30, V:call 20 | F V:bet 23, H:call 23 | T V:bet 40, H:raise 226, V:call 186 | R V:check, H:bet 558, V:fold"
Grinder,Heads-Up Ladder,2,Primary,River decision,https://arena.dev.fun/headsup-ladder/table/cmri7aqj1s0h0st8nwh2apsu2,2h 7h,Kh Jh 3s 4h 9h,Skyler,1000,59,84,82,"2h 7h versus Skyler on Kh Jh 3s 4h 9h: wins +1,000; the river call creates a clean value-versus-pressure decision.","The river creates a single, legible decision point that viewers can debate before the action is revealed.",Pause before the river call and ask whether the opponent is value-heavy or bluff-heavy.,"P H:raise 30, V:call 20 | F V:bet 30, H:call 30 | T V:bet 72, H:raise 336, V:call 264 | R V:bet 604, H:call 604"
Grinder,Heads-Up Ladder,3,Primary,Downside review,https://arena.dev.fun/headsup-ladder/table/cmrholjsqxvhxst8na71136hp,9c Td,Jc 7h 5s Ks 8s,dein Joni,-1000,82,100,98,"9c Td versus dein Joni on Jc 7h 5s Ks 8s: loses 1,000; the river call creates a clean value-versus-pressure decision.",This is the useful counterexample: it shows where the same style can become overcommitment or an expensive refusal to stop.,Built-in rivalry: Grinder versus finalist dein Joni. Pause before the decisive action and let commentary pick a side.,"P V:raise 30, H:call 20 | F H:bet 30, V:call 30 | T H:bet 96, V:call 96 | R H:bet 312, V:raise 844, H:call 532"
Grinder,Heads-Up Ladder,4,Secondary,Multi-street attack,https://arena.dev.fun/headsup-ladder/table/cmrgxhwhy7zesst8nu0x5wck9,Ah Ks,Jh Kh Qh Tc 6s,Whale Alert,1000,71,84,92,"Ah Ks versus Whale Alert on Jh Kh Qh Tc 6s: wins +1,000; the runout produces straight.","Aggression continues across streets, making the bot's commitment and sizing pattern easy to narrate.",Hold on the final bet before revealing the response; the audience can judge whether the sizing is value or pressure.,"P V:call 5, H:raise 40, V:call 30 | F H:bet 40, V:raise 220, H:call 180 | T H:bet 520, V:call 520 | R H:bet 220, V:call 220"
Grinder,Heads-Up Ladder,5,Secondary,Multi-street attack,https://arena.dev.fun/headsup-ladder/table/cmrgyqiebl0bnst8n3rq1m1dg,Jc 5s,5h 3c Jh Js 9c,Whale Alert,1000,71,84,82,"Jc 5s versus Whale Alert on 5h 3c Jh Js 9c: wins +1,000; the runout produces full house.","Aggression continues across streets, making the bot's commitment and sizing pattern easy to narrate.",Hold on the final bet before revealing the response; the audience can judge whether the sizing is value or pressure.,"P H:raise 30, V:call 20 | F V:check, H:bet 30, V:call 30 | T V:bet 48, H:raise 264, V:call 216 | R V:bet 291, H:raise 676, V:call 385"
Grinder,Heads-Up Ladder,6,Secondary,River decision,https://arena.dev.fun/headsup-ladder/table/cmrl8piu7orutst8nzk9yi3nn,Qs 2s,Td Qc 3c Qd Th,Antge Poker Bot,1000,47,100,100,"Qs 2s versus Antge Poker Bot on Td Qc 3c Qd Th: wins +1,000; the river call creates a clean value-versus-pressure decision.","The river creates a single, legible decision point that viewers can debate before the action is revealed.",Built-in rivalry: Grinder versus finalist Antge Poker Bot. Pause before the decisive action and let commentary pick a side.,"P V:raise 30, H:call 20 | F H:bet 30, V:call 30 | T H:bet 120, V:call 120 | R H:bet 360, V:raise 820, H:call 460"
Grinder,Heads-Up Ladder,7,Backup,Pressure win,https://arena.dev.fun/headsup-ladder/table/cmrbsis49nb6k5mevdwal85sm,Kh 7h,3h Ks 9d 7c 4c,Dev,886,90,71,57,Kh 7h versus Dev on 3h Ks 9d 7c 4c: wins +886; sustained pressure wins without showdown.,This is initiative without needing showdown—the clearest way to see how its pressure changes opponent behavior.,Hold on the final bet before revealing the response; the audience can judge whether the sizing is value or pressure.,"P H:raise 35, V:call 25 | F V:bet 28, H:raise 96, V:call 68 | T V:bet 105, H:raise 361, V:call 256 | R V:bet 394, H:raise 508, V:fold"
Grinder,Heads-Up Ladder,8,Backup,Multi-street attack,https://arena.dev.fun/headsup-ladder/table/cmrkl5qcrbwekst8ngfjlzjkn,2h 2d,Ah Ac As 8h Jh,Antge Poker Bot,1000,47,100,92,"2h 2d versus Antge Poker Bot on Ah Ac As 8h Jh: wins +1,000; the runout produces full house.","Aggression continues across streets, making the bot's commitment and sizing pattern easy to narrate.",Built-in rivalry: Grinder versus finalist Antge Poker Bot. Pause before the decisive action and let commentary pick a side.,"P H:raise 30, V:call 20 | F V:bet 51, H:raise 213, V:call 162 | T V:bet 462, H:call 462 | R V:check, H:bet 295, V:call 295"
Grinder,Heads-Up Ladder,9,Backup,Wide-range win,https://arena.dev.fun/headsup-ladder/table/cmr8fb10vvd585mevpr6tochx,8c 9h,4h Ah 8s 6h 8h,Raven,460,96,35,82,8c 9h versus Raven on 4h Ah 8s 6h 8h: wins +460; the wide starting hand makes the line especially revealing.,The starting cards make the range width visible and show how the bot creates value from hands others may discard.,Hold on the final bet before revealing the response; the audience can judge whether the sizing is value or pressure.,"P V:call 5, H:raise 35, V:call 25 | F H:bet 45, V:call 45 | T H:bet 112, V:call 112 | R H:bet 268, V:call 268"
Grinder,Heads-Up Ladder,10,Backup,Downside review,https://arena.dev.fun/headsup-ladder/table/cmri7cxsosngust8nwvqsaxg0,Jd 6h,Kh Jh 3s 4h 9h,Skyler,-1000,47,84,57,"Jd 6h versus Skyler on Kh Jh 3s 4h 9h: loses 1,000; the multi-street line exposes the bot's commitment threshold.",This is the useful counterexample: it shows where the same style can become overcommitment or an expensive refusal to stop.,Ask where the line should have stopped; the loss gives commentators something concrete to criticize rather than only celebrate.,"P V:raise 30, H:call 20 | F H:bet 30, V:call 30 | T H:bet 72, V:raise 336, H:call 264 | R H:bet 604, V:call 604"
folzterac,Heads-Up Ladder,1,Primary,Bluff-catch,https://arena.dev.fun/headsup-ladder/table/cmrgw50n3sw9wst8nru5nmcux,8d Qd,Td 2d Qc 7h Kh,Đỗ Thánh,1000,100,84,52,"8d Qd versus Đỗ Thánh on Td 2d Qc 7h Kh: wins +1,000; the river call creates a clean bluff-catching decision.",The hand exposes its calling threshold and willingness to let the opponent keep representing strength.,Pause before the river call and ask whether the opponent is value-heavy or bluff-heavy.,"P H:raise 30, V:raise 90, H:call 60 | F V:bet 121, H:call 121 | T V:bet 320, H:call 320 | R V:bet 469, H:call 469"
folzterac,Heads-Up Ladder,2,Primary,Pressure win,https://arena.dev.fun/headsup-ladder/table/cmrl21wumuwiwst8nxcq05v1q,Ac Ah,7c 8d Js 2h 6c,dein Joni,725,78,86,90,Ac Ah versus dein Joni on 7c 8d Js 2h 6c: wins +725; sustained pressure wins without showdown.,This is initiative without needing showdown—the clearest way to see how its pressure changes opponent behavior.,Built-in rivalry: folzterac versus finalist dein Joni. Pause before the decisive action and let commentary pick a side.,"P H:raise 30, V:raise 90, H:raise 234, V:call 144 | F V:bet 178, H:call 178 | T V:bet 313, H:call 313 | R V:check, H:bet 275, V:fold"
folzterac,Heads-Up Ladder,3,Primary,Downside review,https://arena.dev.fun/headsup-ladder/table/cmrhrkc9su7jost8nek91fena,Qs 4h,5d Qd Ac Td 6s,Antge Poker Bot,-1000,98,100,100,"Qs 4h versus Antge Poker Bot on 5d Qd Ac Td 6s: loses 1,000; the river call creates a clean value-versus-pressure decision.",This is the useful counterexample: it shows where the same style can become overcommitment or an expensive refusal to stop.,Built-in rivalry: folzterac versus finalist Antge Poker Bot. Pause before the decisive action and let commentary pick a side.,"P V:raise 30, H:call 20 | F H:bet 30, V:call 30 | T H:bet 72, V:raise 336, H:call 264 | R H:bet 396, V:raise 604, H:call 208"
folzterac,Heads-Up Ladder,4,Secondary,River decision,https://arena.dev.fun/headsup-ladder/table/cmrllztf1dpitst8n90287z4m,Ad 4d,3c As 6s Ac 4h,dein Joni,1000,92,100,98,"Ad 4d versus dein Joni on 3c As 6s Ac 4h: wins +1,000; the river call creates a clean value-versus-pressure decision.","The river creates a single, legible decision point that viewers can debate before the action is revealed.",Built-in rivalry: folzterac versus finalist dein Joni. Pause before the decisive action and let commentary pick a side.,"P H:raise 30, V:call 20 | F V:bet 23, H:call 23 | T V:bet 53, H:raise 265, V:call 212 | R V:bet 682, H:call 682"
folzterac,Heads-Up Ladder,5,Secondary,River decision,https://arena.dev.fun/headsup-ladder/table/cmrlbizaxftdfst8nv4jvzsuc,7d 3s,3h Qd 6d 7h 3c,dein Joni,1000,92,100,98,"7d 3s versus dein Joni on 3h Qd 6d 7h 3c: wins +1,000; the river call creates a clean value-versus-pressure decision.","The river creates a single, legible decision point that viewers can debate before the action is revealed.",Built-in rivalry: folzterac versus finalist dein Joni. Pause before the decisive action and let commentary pick a side.,"P H:raise 30, V:call 20 | F V:bet 23, H:call 23 | T V:bet 101, H:raise 409, V:call 308 | R V:bet 538, H:call 538"
folzterac,Heads-Up Ladder,6,Secondary,Downside review,https://arena.dev.fun/headsup-ladder/table/cmrh1jhznhx3sst8nedquce1a,9s Ts,Kc Td 8h 4d Qs,Warden,-1000,92,84,92,"9s Ts versus Warden on Kc Td 8h 4d Qs: loses 1,000; the river call creates a clean value-versus-pressure decision.",This is the useful counterexample: it shows where the same style can become overcommitment or an expensive refusal to stop.,Ask where the line should have stopped; the loss gives commentators something concrete to criticize rather than only celebrate.,"P V:call 5, H:raise 40, V:call 30 | F H:bet 40, V:call 40 | T H:bet 96, V:raise 496, H:call 400 | R H:check, V:bet 424, H:call 424"
folzterac,Heads-Up Ladder,7,Backup,Pressure win,https://arena.dev.fun/headsup-ladder/table/cmre7o1z27gkuuxm76ucxqfcr,6d 6c,Tc 8c 7h 3h 9s,xbyteid,900,78,76,90,6d 6c versus xbyteid on Tc 8c 7h 3h 9s: wins +900; sustained pressure wins without showdown.,This is initiative without needing showdown—the clearest way to see how its pressure changes opponent behavior.,Hold on the final bet before revealing the response; the audience can judge whether the sizing is value or pressure.,"P V:raise 30, H:call 20 | F H:bet 30, V:call 30 | T H:bet 60, V:raise 120, H:call 60 | R H:bet 360, V:raise 720, H:raise 820, V:fold"
folzterac,Heads-Up Ladder,8,Backup,Pressure win,https://arena.dev.fun/headsup-ladder/table/cmrgsg3czo4pyst8nk8zemte9,5h As,6h Ah 2d 3s 3c,Bright,792,82,68,80,5h As versus Bright on 6h Ah 2d 3s 3c: wins +792; sustained pressure wins without showdown.,This is initiative without needing showdown—the clearest way to see how its pressure changes opponent behavior.,Hold on the final bet before revealing the response; the audience can judge whether the sizing is value or pressure.,"P H:raise 30, V:raise 50, H:call 20 | F V:bet 35, H:call 35 | T V:bet 59, H:call 59 | R V:bet 100, H:raise 260, V:raise 648, H:raise 856, V:fold"
folzterac,Heads-Up Ladder,9,Backup,Wide-range win,https://arena.dev.fun/headsup-ladder/table/cmrhqpoq1kji0st8neuqniojn,9c Th,9d 8s Qh Qs 7d,Antge Poker Bot,1000,56,100,80,"9c Th versus Antge Poker Bot on 9d 8s Qh Qs 7d: wins +1,000; the wide starting hand makes the line especially revealing.",The starting cards make the range width visible and show how the bot creates value from hands others may discard.,Built-in rivalry: folzterac versus finalist Antge Poker Bot. Pause before the decisive action and let commentary pick a side.,"P H:raise 30, V:call 20 | F V:bet 23, H:call 23 | T V:bet 40, H:raise 226, V:call 186 | R V:bet 614, H:raise 721, V:call 107"
folzterac,Heads-Up Ladder,10,Backup,Value escalation,https://arena.dev.fun/headsup-ladder/table/cmrll7i7g5w9dst8ndhsgde35,Qd Kd,Qs 9s Tc Jh 4d,dein Joni,1000,78,62,80,"Qd Kd versus dein Joni on Qs 9s Tc Jh 4d: wins +1,000; the runout produces straight.","The pot grows in stages rather than all at once, showing how the bot converts made-hand strength into chips.",Built-in rivalry: folzterac versus finalist dein Joni. Pause before the decisive action and let commentary pick a side.,"P H:raise 30, V:raise 90, H:raise 234, V:call 144 | F V:bet 398, H:call 398 | T V:bet 368, H:call 368"
